{"cameraMode":{"drawMode":0,"name":"Shaded","section":"Shading Mode"},"sceneLighting":true,"audioPlay":false,"sceneViewState":{"showFog":true,"showMaterialUpdate":false,"showSkybox":true,"showFlares":true,"showImageEffects":true,"showParticleSystems":true},"in2DMode":false,"pivot":{"x":14.02139949798584,"y":-2.852050542831421,"z":39.538360595703128},"rotation":{"x":-0.20786967873573304,"y":-0.6352858543395996,"z":0.1832931488752365,"w":-0.7208645343780518},"size":20.49999237060547,"orthographic":false}